なんでもないや - movie ver.,RADWIMPS,1050
1 2 3 4,Plain White T's,1050
﻿Blush - Moe Shop Remix,fusq,1050
打上花火,DAOKO×米津玄師,1078
Rap God,Eminem,1083
Rhythm Of Love,Plain White T's,1096
Tougen Renka,GARNiDELiA,1099
この夜を止めてよ,Hitomi Kaji,1099
Faint,Linkin Park,1100
Animal I Have Become,Three Days Grace,1101
エガオノキミヘ,Suzuko Mimori,1103
Ambiguous,GARNiDELiA,1104
Haiirotoao,Kenshi Yonezu,1109
Shadow of the Day,Linkin Park,1111
What Would You Do,Bastille,1111
ハロ/ハワユ,ナノウ,1111
The Glory Days,Tia,1113
Aquarius,Cc'n'a,1114
Kyokiranbu,GARNiDELiA,1119
愛して 愛して 愛して,Kikuo,1121
Believer,Imagine Dragons,1122
ニュータイプトーキョー,REOL,1123
Breakeven,The Script,1124
Bring Me To Life,Evanescence,1126
No More Sorrow,Linkin Park,1126
Crawling,Linkin Park,1127
For the First Time,The Script,1128
もし、今手が届かない,Miku Hatsune,1129
Ai Wo Utae,Luna Haruna,1132
ココロフロート,Yunomi,1133
奇跡までのストレートライン,ZAQ,1133
The Man Who Can't Be Moved,The Script,1134
All I Need Are Things I Like,pinocchioP,1136
Kagerou Daze,Jin,1142
snowdrop - Luna Haruna X Marina Kawano version,Luna Haruna,1142
From the Inside,Linkin Park,1143
Good Life,OneRepublic,1143
Greenlights Serenade - MV ver.,Omoi,1143
Unravel,TK from Ling tosite sigure,1144
Iridescent,Linkin Park,1145
Nothing,The Script,1145
DSCF,DECO*27,1147
CANDY MAGIC,mimimemeMIMI,1149
Cupid's Chokehold / Breakfast in America,Gym Class Heroes,1151
Lvbnr5 Weiß,Cranky,1151
Welcome to the Black Parade,My Chemical Romance,1151
Yellow,Coldplay,1152
404 not found,REOL,1153
Fight With Your Devil,Killerblood,1154
Kokoronashi,majiko,1154
노력해볼게요 I'll try,Day6,1155
Time of Dying,Three Days Grace,1155
fast love,MONOGATARI Series,1156
I Hate Everything About You,Three Days Grace,1156
The Real Slim Shady,Eminem,1157
stella☆,SILENT SIREN,1158
Laughter Lines,Bastille,1158
Last NightGood Night - Re:Dialed,livetune,1158
Futakotome,MONOGATARI Series,1158
The Draw,Bastille,1159
宝箱のジェットコースター,Petit Rabbit's,1159
Chronicleseven Feat. Annabel,sasakure.UK,1161
Styx and Stones Shopkeeper,Danny Baranowsky,1161
Stay With Me,CHANYEOL,1161
Reflection / 鏡夜,V.K,1161
Overfly,Luna Haruna,1163
One More Light,Linkin Park,1164
Hall of Fame,The Script,1164
Alone Together,Fall Out Boy,1164
Teo,Omoi,1164
Secrets,OneRepublic,1164
Crossing Field,LiSA,1164
Somewhere I Belong,Linkin Park,1164
Given Up,Linkin Park,1164
Sunday feat.MICRO,BRADIO,1164
Battle Cry,Imagine Dragons,1165
後遺症ロマンス (w/ 桃箱 & miko),Yunomi,1166
Igneous Rock Shopkeeper,Danny Baranowsky,1166
Gives You Hell,The All-American Rejects,1167
緋色の空,川田まみ,1167
Bleed It Out,Linkin Park,1168
Trouble,Imagine Dragons,1168
Naisho No Hanashi,ClariS,1168
Cutie Cutie,fusq,1173
Streaming Heart,DECO*27,1173
The Silence,Bastille,1174
The Fall,Imagine Dragons,1174
LOST IN THE ECHO,Linkin Park,1175
Stop And Stare,OneRepublic,1175
Thnks fr th Mmrs,Fall Out Boy,1176
Peace Sign,Kenshi Yonezu,1176
ユキトキ,yanaginagi,1176
ADAMAS,LiSA,1176
Mousou Express,MONOGATARI Series,1176
Double Helix,XI,1177
Crab Rave,Noisestorm,1177
Stereo Hearts (feat. Adam Levine),Gym Class Heroes,1178
ニルバナ,Tia,1178
CASTLE OF GLASS,Linkin Park,1178
Sonokoewo Oboeteru,Marina Kawano,1179
Hare Bare Fanfare,mimimemeMIMI,1179
エレクトロサチュレイタ,tilt-six,1179
LUVORATORRRRRY!,REOL,1179
IN RED,Tsukasa,1179
Odd Future,UVERworld,1180
POP/STARS,K/DA,1180
リモコン,Wonderful★opportunity!,1180
A LIGHT THAT NEVER COMES,Linkin Park,1180
Hanbunko Hanabi,Happy Kuru Kuru,1180
Seven Doors,ZAQ,1180
EGOMAMA,DECO*27,1181
Skulls,Bastille,1181
Neverland,Trifect,1181
My Songs Know What You Did In The Dark (Light Em Up),Fall Out Boy,1181
Kronos,Sakuzyo,1181
Thnks fr th Mmrs,Fall Out Boy,1181
流光,Killerblood,1182
Ghost Rule,DECO*27,1182
雨とペトラ,balloon,1182
アルケの悲しみ - Bitter Ver.,YUC'e,1183
Superheroes,The Script,1183
Breaking the Habit,Linkin Park,1183
Reversible Campaign,DECO*27,1183
Voltzwaltz (Shopkeeper),Danny Baranowsky,1183
戦狂乱舞,Sakuzyo,1184
Weekender Girl - 八王子P Remix,Hachioji P,1184
Dance Til Your Dead,Lil Memer,1184
Wii Shop - Instrumental,Iceboy Ben,1184
Power Cords (Shopkeeper),Danny Baranowsky,1184
Number Nine,Kenshi Yonezu,1184
예뻤어 You Were Beautiful,Day6,1185
Hello Planet,sasakure.UK,1185
U.S.A.,DA PUMP,1185
Irony,ClariS,1186
DNA,BTS,1186
Lemon,Kenshi Yonezu,1188
Apologize,Timbaland,1189
Flaws,Bastille,1189
Anymore,GARNiDELiA,1189
Speed of Sound,Coldplay,1189
ロストワンの号哭,Neru,1189
Polaroid,Imagine Dragons,1189
Paradise,Coldplay,1189
フジヤマディスコ,SILENT SIREN,1189
Mind brand,Maretu,1189
來世,Killerblood,1190
Shiori,ClariS,1190
Wicked Prince,princess a la mode,1190
だれかの心臓になれたなら,ユリイ・カノン,1191
Shirushi,Marina Kawano,1193
Pompeii,Bastille,1194
Ideal White,Mashiro Ayano,1195
Girl x Friend,EXO,1195
ちるちる,REOL,1196
PUMP,YUC'e,1196
FAKE LOVE,BTS,1196
BURN IT DOWN,Linkin Park,1196
Radioactive,Imagine Dragons,1196
Entrance (Deemo Version),Ice,1196
Butterfly,LOOΠΔ,1196
Waiting for the End,Linkin Park,1197
Nexus,ClariS,1197
Ai Kotoba2,DECO*27,1197
Decade,Dixie Flatline,1198
フユメグ,SILENT SIREN,1198
Niflheimr,XI,1198
Mausoleum Mash,Danny Baranowsky,1199
夢色パレード (w/ 桃箱 & miko),Yunomi,1199
Ass Back Home (feat. Neon Hitch),Gym Class Heroes,1199
Kieru Daydream,Marina Kawano,1199
Redial,livetune,1199
キャラメルヘヴン,Last Note.,1200
サマーホラーパーティ,REOL,1200
Chocolate Adventure,Neko Hacker,1200
Kogarashi Sentiment - Senjogahara Hitagi Kaiki Deisyu Version,MONOGATARI Series,1200
走馬灯ラビリンス (w/ 桃箱 & miko),Yunomi,1200
Hey There Delilah,Plain White T's,1200
RE:,REOL,1200
Summer,Imagine Dragons,1200
Kuru Kuru Fantasy,Happy Kuru Kuru,1200
Libera Me,Cranky,1200
Future World,Killerblood,1200
八月の夜,SILENT SIREN,1200
Aragami,XI,1200
Freedom Dive,XI,1200
The Catalyst,Linkin Park,1201
Falling For You,EXO,1201
Aimai Elegy,DECO*27,1201
What I've Done,Linkin Park,1202
Holding Out for a Hero,Bonnie Tyler,1202
RAINY CHINA GIRL,frederic,1203
エンド,Reol,1203
Voices of Spring Waltz Op. 410,Orchestra of the Viennese Volksoper & Alfred Scholz,1204
The Fighter (feat. Ryan Tedder),Gym Class Heroes,1204
Too Close,Alex Clare,1204
Clocks,Coldplay,1204
We Are Young (feat. Janelle Monáe),fun.,1205
Nothin' on You (feat. Bruno Mars),B.o.B,1205
Anima,XI,1206
ANiMA,XI,1206
Last Proof,ZAQ,1206
Solar System Disco,Nayutalien,1207
Move Along,The All-American Rejects,1207
Wake Up,ClariS,1208
Feel Again,OneRepublic,1208
Not Afraid,Eminem,1209
Motivation is Dead,pinocchioP,1209
Toxic,Britney Spears,1211
Hanakotoba,Sanshu Middle School Hero Club,1211
BEAUTIFUL≒SENTENCE - Zero Answer Question,ZAQ,1211
Torinoko City,40mP,1211
Hopeless Opus,Imagine Dragons,1211
Ongaku To Iu Namae No Fuku,frederic,1211
KAKUMEI,SILENT SIREN,1211
Perfume!,fusq,1212
宵々古今,REOL,1212
I Need A Doctor,Dr. Dre,1213
Take Me Home Country Roads - Rerecorded,John Denver,1213
Life Goes On (feat. Oh Land),Gym Class Heroes,1214
曖昧トリップ (w/ 桃箱 & miko),Yunomi,1214
Travel,ClariS,1214
For Campanella,sasakure.UK,1214
Counting Stars,OneRepublic,1215
Weight Of Living Pt. I,Bastille,1215
Of The Night,Bastille,1215
Database,MAN WITH A MISSION,1215
The Phoenix,Fall Out Boy,1216
Heavy (feat. Kiiara),Linkin Park,1216
Agiel,Sakuzyo,1217
A Hot Mess Shopkeeper,Danny Baranowsky,1217
Burning Up (Fire),BTS,1217
Waiting for the End,Linkin Park,1217
Momentum Mori,Danny Baranowsky,1217
Malentendido - Ballroom Remix,Clean Tears,1217
Love The Way You Lie,Eminem,1217
Precipitation at the Entrance (Cytus Ost Version),Ice,1218
Leave Out All The Rest,Linkin Park,1218
It Comes Back To You,Imagine Dragons,1219
One Foot,fun.,1220
All The Right Moves,OneRepublic,1220
Click,ClariS,1220
Hitorigoto,ClariS,1220
fairythm,Sakuzyo,1221
ボカロはダサい,pinocchioP,1222
Halcyon,XI,1222
Connect,ClariS,1222
Weekender Girl,livetune,1222
Chain,BACK-ON,1222
Freely Tomorrow,Mitchie M,1223
IDOL,BTS,1223
Redbone,Childish Gambino,1223
Shots,Imagine Dragons,1224
Mozaik Role,DECO*27,1224
"Lose Yourself - From ""8 Mile"" Soundtrack",Eminem,1224
DECORATOR,livetune,1224
前前前世 - original ver.,RADWIMPS,1225
For Whom the Knell Tolls,Danny Baranowsky,1225
激白,Reol,1225
Altale,Sakuzyo,1226
These Streets,Bastille,1226
Oath Sign,LiSA,1226
Poet,Bastille,1227
Yowamushi Mont Blanc,DECO*27,1228
Sweet Devil - Eight Mix,Hachioji P,1228
Sunanowakusei,Kenshi Yonezu,1229
Brain Power,Noma,1229
アオイトリ,ORANGE RANGE,1229
砂の惑星 feat.初音ミク,hachi,1229
Alien Alien,Nayutalien,1229
Neo-Aspect - リマスターver.,Roselia,1230
Stone Cold Shopkeeper,Danny Baranowsky,1233
the last day of my adolescence,MONOGATARI Series,1236
perfect slumbers,MONOGATARI Series,1236
chocolate insomnia,MONOGATARI Series,1236
SeventH-HeaveN,sasakure.UK,1237
Warriors,Imagine Dragons,1238
Blue Zenith,XI,1238
Heaven,EXO,1239
Bamboo Disco,Yunomi,1239
一心不乱,UMETORA,1244
39,sasakure.UK,1245
A Cold Sweat Shopkeeper,Danny Baranowsky,1246
Storia,Xi Vs Sakuzyo,1246
愛唄,GReeeeN,1247
﻿Carry On,fun.,1247
Airplanes (feat. Hayley Williams),B.o.B,1248
Kyoto Dgashiya Sensou,Mikito P,1248
Kiminoyozora Shoukaihan (Voice: Ia),Orangestar,1248
Why Am I the One,fun.,1248
Colors,FLOW,1248
Oedo Controller,Yunomi,1249
March of the Profane,Danny Baranowsky,1249
Kimino Shiranai Monogatari,supercell,1250
In the End,Linkin Park,1250
Kiminosei,the peggies,1251
Bohemian Rhapsody - Remastered 2011,Queen,1251
Shiryoku Kensa,40mP,1251
Hand in Hand,livetune,1251
Battle Scars,Lupe Fiasco,1251
めんたいコズミック,Yunomi,1252
ANiMAtion (ANiMA sakuzyo Remix),XI,1252
Blue Bird,Ikimonogakari,1253
Haru Ni Ichiban Chikai Machi,40mP,1254
Tsumi to Batsu,DECO*27,1254
ジェリーフィッシュ (feat. ローラーガール),Yunomi,1255
Parousia,XI,1255
Sentimental Crisis,halca,1256
So Good,B.o.B,1256
過ぎゆく日と君へ (feat. nayuta),Aiobahn,1257
RISE - Remix,League of Legends,1257
Happy Bite,MONOGATARI Series,1258
Ai Kotoba,DECO*27,1258
メランコリック -MIKU EXPO 2014 in INDONESIA Live-,Junky,1258
カンタレラ,KuroUsa,1258
METEOR,DIVELA,1259
秋映,Reol,1259
Airplanes Pt. II (feat. Eminem & Hayley Williams of Paramore),B.o.B,1260
Staple Stable,MONOGATARI Series,1260
Hysteric Bullet,GARNiDELiA,1261
Silhouette,KANA-BOON,1261
千本桜,KuroUsa,1263
Everybody Talks,Neon Trees,1264
Heart of the Crypt Shopkeeper,Danny Baranowsky,1264
Melt 10th ANNIVERSARY MIX,ryo (supercell),1270
Believe Me (feat. Bobo & Styles of Beyond),Fort Minor,1270
Dance The Night Away,TWICE,1270
炉心融解,iroha(sasaki),1271
SLoWMoTIoN,pinocchioP,1271
LOVE SCENARIO,iKON,1272
future base,Kizuna AI,1272
エンドレスライン,REOL,1272
We Are Young (feat. Janelle Monáe),fun.,1273
TT,TWICE,1273
I still love U,Perfume,1273
キリトリセン (feat.GUMI),40mP,1273
YES or YES,TWICE,1273
Wraith,WEAVER,1273
銀河鉄道のペンギン (feat. nicamoq),Aiobahn,1273
Some Nights,fun.,1274
Marshmallow Justice,MONOGATARI Series,1274
Sight of the Sun - Single Version,fun.,1274
Out on the Town,fun.,1274
STYX HELIX,MYTH & ROID,1276
Just The Two Of Us,Will Smith,1276
3005,Childish Gambino,1276
Paradisus-Paradoxum,MYTH & ROID,1276
Don't Let Me Fall,B.o.B,1276
"Gimme! Revolution (From ""Gonna Be the Twin-Tail!!"")",Maaya Uchida,1276
New Divide,Linkin Park,1276
Last Dance,Danny Baranowsky,1278
Girls Generation,Mikazuki BIGWAVE,1278
ミラージュ,Reol,1279
夏の真夜中 (feat. アンテナガール),Aiobahn,1279
Paralyzer,Finger Eleven,1279
サイサキ,Reol,1280
Lie,NF,1280
Spica No Sumika,frederic,1281
サ・ク・ラ・サ・ク,Yunomi,1281
sirius,Eir Aoi,1282
RUNNING IN THE 90'S,Max Coveri,1282
夢地図 (feat.GUMI),40mP,1283
Where'd You Go (feat. Holly Brook & Jonah Matranga),Fort Minor,1283
鏡面の波,YURiKA,1283
アカツキアライヴァル,Last Note.,1283
住所,KICK THE CAN CREW,1283
Just Be Friends,Dixie Flatline,1284
Love Trial,40mP,1285
Steinway to Heaven,Danny Baranowsky,1285
星のアリス,Yunomi,1285
Shonen Heart,Home Made Kazoku,1286
ニブンノイチ,BACK-ON,1287
Winners (feat. Reol & Giga),TeddyLoid,1287
Tell Your World,livetune,1287
Rhapsody of Blue Sky,fhána,1287
O2,ORANGE RANGE,1287
High Free Spirits,TrySail,1288
ODDS&ENDS -初音ミク「マジカルミライ 2014」Live-,ryo (supercell),1289
ダンスフロアの果実,Yunomi,1289
Remember the Name (feat. Styles of Beyond),Fort Minor,1289
トコハナ,yanaginagi,1290
Kuchizuke Diamond,WEAVER,1291
The Wight to Remain Shopkeeper,Danny Baranowsky,1291
気まぐれメルシィ,Hachioji P,1293
1983,Neon Trees,1293
Axion,Sakuzyo,1293
Numb,Linkin Park,1294
Agartha,XI,1294
Numb / Encore,JAY Z,1294
S.O.S.,WEAVER,1296
Animal,Neon Trees,1296
Another Halcyon (feat. Vila),XI,1296
Daydreamin' (feat. Jill Scott),Lupe Fiasco,1299
merry-go-round,SILENT SIREN,1299
Renai Circulation,MONOGATARI Series,1299
Platinum Disco,MONOGATARI Series,1300
Go!!!,FLOW,1300
新作のしあわせはこちら!,チノ(水瀬いのり,1300
Both of Us (feat. Taylor Swift),B.o.B,1300
Riptide,Vance Joy,1300
Six Feet Thunder (Shopkeeper),Danny Baranowsky,1301
[A]Ddiction,EVO+,1302
Dance of the Decorous,Danny Baranowsky,1270
I'm Your Sexy Machine,Hotblade,1316
LIKEY,TWICE,1322
Shoujo Contract,Hentai Dude,1322
Zankokuna Tenshino These,Shoko Nakagawa,1330
God Knows...,Shoko Nakagawa,1331
劣等上等 feat. 鏡音リン・レン,Giga,1331
High Road (feat. John Legend),Fort Minor,1331
どりーみんチュチュ,Emon,1331
ロキ,Mikito P,1332
ふ・れ・ん・ど・し・た・い,学園生活部,1333
The Show Goes On,Lupe Fiasco,1338
What is Love?,TWICE,1342
